,0,1,2,3
0,0.0,2.260808376926464,0.0,PPO
1,1.0,1.2069810228102895,0.022608083769264643,PPO
2,2.0,1.6123032087730014,0.03445181315967489,PPO
3,3.0,0.933846082728755,0.05023032711580815,PPO
4,4.0,1.3078033025467124,0.05906648467193762,PPO
5,5.0,1.0597311075108544,0.07155385285068536,PPO
6,6.0,1.2803460798400965,0.08143562539728705,PPO
7,7.0,1.2236641906332077,0.09342472994171513,PPO
8,8.0,1.043808747627569,0.10472712454863006,PPO
9,9.0,0.8510125941502373,0.11411794077941945,PPO
10,10.0,1.6792503585264398,0.12148688731312762,PPO
11,11.0,1.160958327841377,0.13706452202526073,PPO
12,12.0,1.0801839267792799,0.1473034600834219,PPO
13,13.0,1.612810932985409,0.15663226475038047,PPO
14,14.0,1.0846289017173754,0.17119405143273075,PPO
15,15.0,0.9170039791071443,0.1803283999355772,PPO
16,16.0,0.8872356673799828,0.18769515572729287,PPO
17,17.0,1.1814623173193228,0.19469056084381975,PPO
18,18.0,1.3695927318721177,0.2045582784085748,PPO
19,19.0,0.829224400120529,0.21620862294321022,PPO
20,20.0,1.174206639679123,0.22233878071498342,PPO
21,21.0,1.0631039571268872,0.2318574593046248,PPO
22,22.0,0.8662293922301233,0.24016992428284745,PPO
23,23.0,0.9516457228510266,0.24643051896232018,PPO
24,24.0,0.8778834363132351,0.25348267100120725,PPO
25,25.0,1.2239488256128044,0.2597266786543275,PPO
26,26.0,1.451772641360029,0.2693689001239123,PPO
27,27.0,1.4536137794884705,0.28119293753627345,PPO
28,28.0,1.029325018814222,0.29291714595579543,PPO
29,29.0,-0.5239428679209801,0.3002812246843797,PPO
30,30.0,0.07080331796910691,0.2920389837583261,PPO
31,31.0,1.182625503214126,0.28982662710043394,PPO
32,32.0,1.1060575974184286,0.2987546158615708,PPO
33,33.0,-0.31217687330372434,0.30682764567713944,PPO
34,34.0,-0.25213831604756853,0.3006376004873308,PPO
35,35.0,0.5749095364792579,0.2951098413219818,PPO
36,36.0,1.3054897508155716,0.29790783827355455,PPO
37,37.0,1.153226601164611,0.3079836573989747,PPO
38,38.0,1.0009850918195469,0.31643608683663105,PPO
39,39.0,0.19549953556669727,0.3232815768864602,PPO
40,40.0,-0.45300987972262385,0.32200375647326257,PPO
41,41.0,1.0249054212417696,0.31425362011130376,PPO
42,42.0,0.0523374366511035,0.3213601381226084,PPO
43,43.0,0.9377083353276595,0.31866991110789333,PPO
44,44.0,0.4135750075099569,0.324860295350091,PPO
45,45.0,-0.44495100597700643,0.32574744247168963,PPO
46,46.0,-0.0936116007945601,0.31804045798720265,PPO
47,47.0,0.997018393335229,0.31392393739938507,PPO
48,48.0,-0.7234677184447365,0.3207548819587435,PPO
49,49.0,-1.2275495682941595,0.3103126559547087,PPO
50,50.0,1.088904623662679,0.29493403371222,PPO
51,51.0,-0.866806360896375,0.3028737396117246,PPO
52,52.0,1.1064559822428977,0.29117693860664356,PPO
53,53.0,0.12777255828101153,0.2993297290430061,PPO
54,54.0,0.1768525460120718,0.29761415733538615,PPO
55,55.0,-0.5463492231890212,0.29640654122215304,PPO
56,56.0,1.3435998705191172,0.2879789835780413,PPO
57,57.0,-0.18259982586327728,0.2985351924474521,PPO
58,58.0,-0.20025443395619358,0.2937238422643448,PPO
59,59.0,-0.6062674863438715,0.2887840595021394,PPO
60,60.0,-0.5261147330637028,0.2798335440436793,PPO
61,61.0,-0.06651333137268989,0.2717740612726055,PPO
62,62.0,-1.9346700870992872,0.2683911873461525,PPO
63,63.0,0.08229700167167814,0.24636057460169813,PPO
64,64.0,-0.5486011740053435,0.24471993887239793,PPO
65,65.0,0.41508832053627526,0.2367867277436205,PPO
66,66.0,-2.0371280675091636,0.23856974367154704,PPO
67,67.0,1.3142353615553874,0.21581276555973994,PPO
68,68.0,-0.056503190529131664,0.22679699151969643,PPO
69,69.0,-0.4694294499153461,0.22396398969920817,PPO
70,70.0,0.2823542168508082,0.21703005530306263,PPO
71,71.0,-0.5553125141540085,0.21768329691854008,PPO
72,72.0,-0.5582206402826034,0.20995333880781458,PPO
73,73.0,0.2756818648363116,0.20227159901691041,PPO
74,74.0,0.21488167495521976,0.20300570167510443,PPO
75,75.0,-0.6452362967672307,0.20312446140790558,PPO
76,76.0,0.1932646261860383,0.1946408538261542,PPO
77,77.0,-1.4469080438869086,0.19462709154975302,PPO
78,78.0,0.01944403779217552,0.1782117401953864,PPO
79,79.0,0.22131235313043657,0.17662406317135432,PPO
80,80.0,-0.1302295467754775,0.17707094607094515,PPO
81,81.0,-1.69512191492263,0.1739979411424809,PPO
82,82.0,-0.041051147864801685,0.1553067425818298,PPO
83,83.0,-1.1984579500529347,0.1533431636773635,PPO
84,84.0,0.12203186686981236,0.13982515254006053,PPO
85,85.0,0.07141549275598974,0.13964721968335805,PPO
86,86.0,0.2671137381333282,0.13896490241408435,PPO
87,87.0,-0.31825671731370375,0.1402463907712768,PPO
88,88.0,-0.8146273201604661,0.135661359690427,PPO
89,89.0,0.07097068060558837,0.12615847289191806,PPO
90,90.0,0.11082035996987923,0.12560659496905477,PPO
91,91.0,0.35043459351705963,0.125458732619063,PPO
92,92.0,0.20658215870358076,0.12770849122804298,PPO
93,93.0,-0.687754945023952,0.12849722790279836,PPO
94,94.0,-0.41097586225961524,0.12033470617353084,PPO
95,95.0,-0.2808800765860341,0.11502160048919939,PPO
96,96.0,-0.3457743034714068,0.11106258371844704,PPO
97,97.0,-1.293418253361295,0.10649421484654852,PPO
98,98.0,0.1406449209801649,0.09249509016447008,PPO
99,99.0,-0.22196145378730625,0.09297658847262703,PPO
100,100.0,-0.055445141147331456,0.0898272080500277,PPO
101,101.0,-1.0544457681242203,0.0883744845580541,PPO
102,102.0,-0.4863083538216625,0.07694628203123136,PPO
103,103.0,-0.12607374060557996,0.07131373567270241,PPO
104,104.0,0.43314379791829144,0.06933986090991959,PPO
105,105.0,0.24938636661846428,0.0729779002800033,PPO
106,106.0,0.2123314513651682,0.0747419849433879,PPO
107,107.0,0.15318505077187689,0.0761178796076057,PPO
108,108.0,-5.8407513626984455,0.07688855131924842,PPO
109,109.0,0.0019403896849793313,0.017712152179071475,PPO
110,110.0,0.3668478056311427,0.017554434554130555,PPO
111,111.0,0.23468873622243833,0.021047368264900675,PPO
112,112.0,0.7624022428673477,0.023183781944476053,PPO
113,113.0,0.14007523114826975,0.03057596655370477,PPO
114,114.0,-1.915976536299031,0.03167095919965042,PPO
115,115.0,0.29790000144619233,0.012194484244663604,PPO
116,116.0,-0.9127724910037397,0.015051539416678892,PPO
117,117.0,-6.641322874629809,0.005773299112474706,PPO
118,118.0,-6.9527391533131535,-0.06069766262494814,PPO
119,119.0,0.5097550154149377,-0.1296180775318302,PPO
120,120.0,0.10833049809832396,-0.12322434660236252,PPO
121,121.0,0.5485560238716454,-0.12090879815535564,PPO
122,122.0,0.35180608454884665,-0.11421414993508563,PPO
123,123.0,0.34797580329552336,-0.10955394759024632,PPO
124,124.0,-1.227921604585607,-0.10497865008138862,PPO
125,125.0,0.6155997171938596,-0.1162080796264308,PPO
126,126.0,0.7560040949311745,-0.10889000165822789,PPO
127,127.0,0.5227635504308594,-0.10024106069233386,PPO
128,128.0,0.3278824971465391,-0.09401101458110193,PPO
129,129.0,0.22396842253395338,-0.08979207946382552,PPO
130,130.0,0.4328960730102612,-0.08665447444384773,PPO
131,131.0,0.6310412893909999,-0.08145896896930664,PPO
132,132.0,0.11868215961091635,-0.07433396638570357,PPO
133,133.0,-1.8206343557187905,-0.07240380512573737,PPO
134,134.0,0.7863003035869857,-0.0898861106316679,PPO
135,135.0,0.6749659590511354,-0.08112424648948137,PPO
136,136.0,0.3055663266889689,-0.0735633444340752,PPO
137,137.0,0.7526760522432304,-0.06977204772284475,PPO
138,138.0,0.5865964757533532,-0.06154756672318399,PPO
139,139.0,0.6698129091682703,-0.055066126298418616,PPO
140,140.0,0.734009783235384,-0.04781733594375173,PPO
141,141.0,0.6406382173946007,-0.03999906475196037,PPO
142,142.0,0.23013813101294142,-0.03319269193049476,PPO
143,143.0,0.5117689958407293,-0.0305593837010604,PPO
144,144.0,0.197520006172934,-0.025136099905642504,PPO
145,145.0,0.10453822042293319,-0.022909538844856737,PPO
146,146.0,0.6181027832054099,-0.021635061252178837,PPO
147,147.0,0.24776134424287857,-0.015237682807602952,PPO
148,148.0,0.6083047732858967,-0.012607692537098137,PPO
149,149.0,0.5862620055986256,-0.006398567878868187,PPO
150,150.0,0.6593689361886534,-0.00047196214409324887,PPO
151,151.0,1.3460138397432302,0.006126446839234218,PPO
152,152.0,-0.5373401620827041,0.01952532076827418,PPO
153,153.0,0.28057636061657315,0.013956665939764397,PPO
154,154.0,0.5085454490035025,0.01662286288653248,PPO
155,155.0,-0.9169777763499274,0.021542088747702182,PPO
156,156.0,0.5165930846828696,0.012156890096725884,PPO
157,157.0,-0.3280487113415652,0.017201252042587323,PPO
158,158.0,-0.2051860532259615,0.013748752408745799,PPO
159,159.0,0.3184773418250822,0.011559404352398725,PPO
160,160.0,0.3762250462320554,0.014628583727125562,PPO
161,161.0,-2.037147760106146,0.01824454835217486,PPO
162,162.0,0.7542805852887877,-0.0023093747324083487,PPO
163,163.0,0.6763965445446694,0.005256524867803612,PPO
164,164.0,0.6518293873387796,0.011967925064572268,PPO
165,165.0,-1.991952109656948,0.018366539687314342,PPO
166,166.0,0.9074971769529346,-0.0017366468061282836,PPO
167,167.0,0.7351511687445652,0.007355691431462345,PPO
168,168.0,0.7051973110816617,0.014633646204593374,PPO
169,169.0,0.6738919269590994,0.02153928285336406,PPO
170,170.0,0.9246111568570674,0.028062809294421415,PPO
171,171.0,0.6478330280173114,0.03702829277004788,PPO
172,172.0,0.7839988665863478,0.04313634012252051,PPO
173,173.0,0.3220686190230435,0.05054496538715879,PPO
174,174.0,0.7215359740703959,0.05326020192351764,PPO
175,175.0,-1.818809680854576,0.05994295964498642,PPO
176,176.0,0.531327566138215,0.041155433239990796,PPO
177,177.0,0.7922628751941104,0.04605715456897304,PPO
178,178.0,0.5101648106992555,0.05351921177522441,PPO
179,179.0,0.6399793069114708,0.05808566776446472,PPO
180,180.0,0.6728065111180485,0.06390460415593478,PPO
181,181.0,-1.710436536785196,0.06999362322555593,PPO
182,182.0,0.7557074816368634,0.052189321625448405,PPO
183,183.0,0.6683070991095372,0.05922450322556256,PPO
184,184.0,-1.9282384200876432,0.0653153291844023,PPO
185,185.0,-1.9998371361464737,0.045379791691681846,PPO
186,186.0,0.6828166738911234,0.02492762241330029,PPO
187,187.0,0.7249187746710815,0.03150651292807852,PPO
188,188.0,0.6405283413222095,0.03844063554550855,PPO
189,189.0,0.8440381357959511,0.044461512603275556,PPO
190,190.0,0.70404755868211,0.05245727883520231,PPO
191,191.0,0.618812058776952,0.05897318163367139,PPO
192,192.0,0.8265637503661685,0.0645715704051042,PPO
193,193.0,0.7653974538261448,0.07219149220471484,PPO
194,194.0,0.826855618696082,0.07912355182092913,PPO
195,195.0,0.905426583199627,0.08660087248968065,PPO
196,196.0,0.7663054524092349,0.09478912959678011,PPO
197,197.0,0.768775524040735,0.10150429282490467,PPO
198,198.0,0.8073646175789014,0.10817700513706298,PPO
199,199.0,0.9099357496295609,0.11516888126148137,PPO
200,200.0,0.7614741309697115,0.12311654994516215,PPO
201,201.0,0.8438531013189471,0.12950012575540765,PPO
202,202.0,0.8446346960013315,0.13664365551104304,PPO
203,203.0,0.6735005327357219,0.14372356591594593,PPO
204,204.0,0.8405052877438048,0.14902133558414368,PPO
205,205.0,-1.7657392070238094,0.15593617510574032,PPO
206,206.0,0.9013724725306552,0.13671942128444484,PPO
207,207.0,1.0413875874187912,0.14436595179690692,PPO
208,208.0,0.7642645698287618,0.15333616815312576,PPO
209,209.0,0.648961806774377,0.15944545216988212,PPO
210,210.0,0.6657879765578668,0.16434061571592706,PPO
211,211.0,0.7812609765337531,0.16935508932434645,PPO
212,212.0,0.8260097226774069,0.17547414819644053,PPO
213,213.0,1.0027651976276404,0.18197950394125018,PPO
214,214.0,0.6832069570195572,0.19018736087811405,PPO
215,215.0,0.6043372378514528,0.1951175568395285,PPO
216,216.0,0.8241554857694047,0.19920975364964774,PPO
217,217.0,0.7014751896547444,0.2054592109708453,PPO
218,218.0,0.7288619189206383,0.21041937075768427,PPO
219,219.0,0.85343431505435,0.21560379623931383,PPO
220,220.0,0.7043282503123689,0.2219821014274642,PPO
221,221.0,0.7199992777278137,0.22680556291631324,PPO
222,222.0,0.792375574387535,0.23173750006442825,PPO
223,223.0,0.6865446010509406,0.23734388080765934,PPO
224,224.0,0.8856984045621498,0.24183588801009215,PPO
225,225.0,0.600226225116032,0.24827451317561272,PPO
226,226.0,0.7138972112779742,0.2517940302950169,PPO
227,227.0,0.7217846768990988,0.2564150621048465,PPO
228,228.0,0.8869497445638753,0.261068758252789,PPO
229,229.0,0.6752631144562852,0.26732756811589986,PPO
230,230.0,0.7520081084064333,0.27140692357930374,PPO
231,231.0,0.7636915884745733,0.276212935427575,PPO
232,232.0,-1.6009885144273357,0.281087721958045,PPO
233,233.0,0.7692854846500914,0.26226695959419116,PPO
234,234.0,0.8249379886445466,0.26733714484475013,PPO
235,235.0,0.8544671761431071,0.2729131532827481,PPO
236,236.0,0.7439125860937226,0.2787286935113517,PPO
237,237.0,0.8436913585052757,0.28338053243717537,PPO
238,238.0,0.9846481111888095,0.28898364069785637,PPO
239,239.0,0.8668474288531678,0.2959402854027659,PPO
240,240.0,0.6790389611910331,0.3016493568372699,PPO
241,241.0,0.8281719740142457,0.3054232528808075,PPO
242,242.0,0.8182371454156515,0.3106507400921419,PPO
243,243.0,0.7223880359305741,0.31572660414537695,PPO
244,244.0,0.6772771861228674,0.31979321846322895,PPO
245,245.0,0.7266308817155767,0.32336805813982533,PPO
246,246.0,0.7746733169306311,0.32740068637558284,PPO
247,247.0,0.6614118302397575,0.3318734126811333,PPO
248,248.0,0.8799361210036113,0.3351687968567195,PPO
249,249.0,0.7423166399068473,0.3406164700981884,PPO
250,250.0,0.8882262994365914,0.344633471796275,PPO
251,251.0,0.7743035400383985,0.35006940007267817,PPO
252,252.0,0.758620038823679,0.35431174147233535,PPO
253,253.0,0.8406611091339495,0.35835482444584876,PPO
254,254.0,0.731624101794198,0.36317788729272976,PPO
255,255.0,0.7323494535678915,0.36686234943774443,PPO
256,256.0,0.8495315000508484,0.3705172204790459,PPO
257,257.0,0.6938998357104601,0.37530736327476394,PPO
258,258.0,0.8606473932098343,0.3784932879991209,PPO
259,259.0,0.7740442882424247,0.38331482905122805,PPO
260,260.0,0.630474634920426,0.38722212364314,PPO
261,261.0,0.8459072494306665,0.3896546487559129,PPO
262,262.0,0.7680875636165411,0.39421717476266044,PPO
263,263.0,0.8006624209955573,0.39795587865119925,PPO
264,264.0,0.7245289247679619,0.4019829440746428,PPO
265,265.0,0.6978657166785937,0.40520840388157603,PPO
266,266.0,0.770693406560818,0.4081349770095462,PPO
267,267.0,0.8627773336162975,0.41176056130505895,PPO
268,268.0,0.7672537638497609,0.41627072902817136,PPO
269,269.0,0.7196518055335689,0.41978055937638725,PPO
270,270.0,0.7507107550108875,0.42277927183795905,PPO
271,271.0,0.7944506694914222,0.4260585866696883,PPO
272,272.0,0.8282949694367631,0.42974250749790566,PPO
273,273.0,0.9256746368138813,0.43372803211729427,PPO
274,274.0,0.8633238801677215,0.4386474981642602,PPO
275,275.0,0.8523839984123641,0.44289426198429477,PPO
276,276.0,0.7151169141204872,0.44698915934857547,PPO
277,277.0,0.8093164749354359,0.4496704368962946,PPO
278,278.0,0.7670487296725256,0.453266897276686,PPO
279,279.0,0.7621770733864974,0.4564047156006444,PPO
280,280.0,0.7665087521235374,0.45946243917850293,PPO
281,281.0,0.8025510872549572,0.46253290230795324,PPO
282,282.0,0.8680746056362032,0.46593308415742324,PPO
283,283.0,0.8328901639513643,0.46995449937221107,PPO
284,284.0,0.7303723920373087,0.4735838560180026,PPO
285,285.0,0.7606275258976122,0.4761517413781957,PPO
286,286.0,0.7232760897459907,0.4789964992233899,PPO
287,287.0,0.6816158447258546,0.4814392951286159,PPO
288,288.0,0.6682998949540996,0.48344106062458825,PPO
289,289.0,0.6627962286506051,0.48528964896788335,PPO
290,290.0,0.7466115592487449,0.4870647147647105,PPO
291,291.0,0.8340264855393354,0.48966018320955085,PPO
292,292.0,0.8270226394574933,0.4931038462328487,PPO
293,293.0,0.8697784921961815,0.4964430341650951,PPO
294,294.0,0.7718249903822388,0.5001763887454059,PPO
295,295.0,0.8113204289719844,0.5028928747617742,PPO
296,296.0,0.8950977942369343,0.5059771503038764,PPO
297,297.0,0.7157410634686067,0.5098683567432069,PPO
298,298.0,0.6602611924611756,0.5119270838104609,PPO
299,299.0,0.6802707193094453,0.5134104248969681,PPO
300,300.0,0.9242372552133742,0.5150790278410929,PPO
301,301.0,0.9208074128348186,0.5191706101148158,PPO
302,302.0,0.8847594907960304,0.5231869781420159,PPO
303,303.0,0.7895697979008462,0.5268027032685559,PPO
304,304.0,0.7397941838429366,0.5294303742148788,PPO
305,305.0,0.8103384523557867,0.5315340123111594,PPO
306,306.0,0.7370989939055962,0.5343220567116056,PPO
307,307.0,0.7646417921119907,0.5363498260835454,PPO
308,308.0,0.7680160884042478,0.5386327457438298,PPO
309,309.0,1.00971833678951,0.540926579170434,PPO
310,310.0,0.7824233400033141,0.5456144967466248,PPO
311,311.0,0.7565444018792473,0.5479825851791916,PPO
312,312.0,0.6151424669758733,0.5500682033461921,PPO
313,313.0,0.7312425458128148,0.5507189459824889,PPO
314,314.0,0.656781463519184,0.5525241819807922,PPO
315,315.0,0.7397638800545654,0.5535667547961761,PPO
316,316.0,0.7943031610150643,0.55542872604876,PPO
317,317.0,0.7832369475717367,0.5578174703984231,PPO
318,318.0,-1.872578904269193,0.5600716651701563,PPO
319,319.0,0.8817102094756576,0.5357451594757627,PPO
320,320.0,0.5829191335520363,0.5392048099757617,PPO
321,321.0,0.7528105794859798,0.5396419532115245,PPO
322,322.0,0.8555750292216259,0.5417736394742692,PPO
323,323.0,0.699284627929747,0.5449116533717426,PPO
324,324.0,0.6649065779546587,0.5464553831173227,PPO
325,325.0,0.9443634210304674,0.547639895065696,PPO
326,326.0,0.6366523990109441,0.5516071303253437,PPO
327,327.0,0.8270467873178502,0.5524575830121996,PPO
328,328.0,0.695382596219716,0.5552034750552561,PPO
329,329.0,0.7749563724651679,0.5566052662669008,PPO
330,330.0,0.8752456819435651,0.5587887773288834,PPO
331,331.0,0.6833418264625426,0.5619533463750302,PPO
332,332.0,0.7313157143683541,0.5631672311759054,PPO
333,333.0,0.7782490775305543,0.5648487160078298,PPO
334,334.0,0.7673354486403126,0.5669827196230571,PPO
335,335.0,0.8441532416432556,0.5689862469132297,PPO
336,336.0,0.7098514979751491,0.57173791686053,PPO
337,337.0,0.7514698572904336,0.5731190526716762,PPO
338,338.0,0.8611925185301944,0.5749025607178637,PPO
339,339.0,0.8166646238883223,0.5777654602959871,PPO
340,340.0,0.7607727296575915,0.5801544519319104,PPO
341,341.0,0.8579007953018934,0.5819606347091671,PPO
342,342.0,0.7918402946714973,0.5847200363150944,PPO
343,343.0,0.8530996824217373,0.5867912388986585,PPO
344,344.0,0.7630535342507996,0.5894543233338893,PPO
345,345.0,0.6956295689426258,0.5911903154430583,PPO
346,346.0,0.6704450761113193,0.592234707978054,PPO
347,347.0,0.8220064213334524,0.5930168116593866,PPO
348,348.0,0.8668354271959977,0.5953067077561273,PPO
349,349.0,0.8363807222806742,0.598021994950526,PPO
350,350.0,0.7649200868992888,0.6004055822238274,PPO
351,351.0,0.6789047478706377,0.6020507272705821,PPO
352,352.0,0.7385215942349876,0.6028192674765825,PPO
353,353.0,0.8922798017880604,0.6041762907441666,PPO
354,354.0,0.8191455032488536,0.6070573258546056,PPO
355,355.0,0.6320769974677908,0.609178207628548,PPO
356,356.0,0.7028964119861387,0.6094071955269404,PPO
357,357.0,0.8161476619926461,0.6103420876915324,PPO
358,358.0,0.866590436470406,0.6124001434345436,PPO
359,359.0,0.6680058486696546,0.6149420463649022,PPO
360,360.0,0.9056616923545934,0.6154726843879497,PPO
361,361.0,0.7259213785108584,0.6183745744676161,PPO
362,362.0,0.6981208929019928,0.6194500425080486,PPO
363,363.0,0.8058166031881855,0.6202367510119879,PPO
364,364.0,0.7810205395594048,0.6220925495337498,PPO
365,365.0,0.9147380921137528,0.6236818294340064,PPO
366,366.0,0.9096369311286612,0.6265923920608039,PPO
367,367.0,0.9434223116862587,0.6294228374514824,PPO
368,368.0,0.8954721990997634,0.6325628321938301,PPO
369,369.0,0.763381335338636,0.6351919258628895,PPO
370,370.0,0.7968737034479336,0.636473819957647,PPO
371,371.0,0.8228635746938573,0.6380778187925498,PPO
372,372.0,0.7135383634911753,0.6399256763515628,PPO
373,373.0,0.7448771435178646,0.640661803222959,PPO
374,374.0,0.943897102298083,0.641703956625908,PPO
375,375.0,0.9125529824316799,0.6447258880826298,PPO
376,376.0,0.9371860534607899,0.6474041590261203,PPO
377,377.0,0.8004936292203783,0.650301977970467,PPO
378,378.0,0.9919371407342944,0.651803894482966,PPO
379,379.0,-2.06612918523492,0.6552052269454792,PPO
380,380.0,0.8715619291925335,0.6279918828236752,PPO
381,381.0,0.8946813136296331,0.6304275832873638,PPO
382,382.0,0.8232822333399847,0.6330701205907865,PPO
383,383.0,0.8447809688841573,0.6349722417182785,PPO
384,384.0,0.9427871662348943,0.6370703289899373,PPO
385,385.0,0.8885382227759997,0.6401274973623868,PPO
386,386.0,0.9628486102285271,0.642611604616523,PPO
387,387.0,0.6921861485292947,0.645813974672643,PPO
388,388.0,0.8955128878807765,0.6462776964112095,PPO
389,389.0,0.8885019676633853,0.6487700483259051,PPO
390,390.0,0.711908737056478,0.6511673675192798,PPO
391,391.0,0.8270173927165222,0.6517747812146518,PPO
392,392.0,0.8488964341584044,0.6535272073296705,PPO
393,393.0,0.976373858293131,0.6554808995979579,PPO
394,394.0,0.7787978888489253,0.6586898291849096,PPO
395,395.0,0.7836359080551353,0.6598909097815497,PPO
396,396.0,0.877974098387287,0.6611283597642856,PPO
397,397.0,0.7416691402243583,0.6632968171505157,PPO
398,398.0,0.9040691237223771,0.6640805403812541,PPO
399,399.0,0.8791701315128706,0.6664804262146653,PPO
400,400.0,0.8174711274054561,0.6686073232676474,PPO
401,401.0,0.977064083265925,0.6700959613090255,PPO
402,402.0,0.7637409172368622,0.6731656425285945,PPO
403,403.0,0.7877701761718308,0.6740713952756772,PPO
404,404.0,0.7224864597601879,0.6752083830846387,PPO
405,405.0,0.8009021461650224,0.6756811638513942,PPO
406,406.0,0.9114120834829548,0.6769333736745305,PPO
407,407.0,0.7657206342506264,0.6792781607726148,PPO
408,408.0,0.9108832518505381,0.6801425855073949,PPO
409,409.0,0.8168684402001136,0.6824499921708264,PPO
410,410.0,0.7151735270764431,0.6837941766511192,PPO
411,411.0,0.8460772259922178,0.6841079701553724,PPO
412,412.0,0.8434301630297548,0.6857276627137409,PPO
413,413.0,0.8704475795510936,0.687304687716901,PPO
414,414.0,0.8402711697947381,0.6891361166352429,PPO
415,415.0,0.8313769334621041,0.6906474671668378,PPO
416,416.0,0.9535600967107415,0.6920547618297904,PPO
417,417.0,0.9029766859102648,0.6946698151785999,PPO
418,418.0,0.8815963875144224,0.6967528838859165,PPO
419,419.0,0.7638016442316612,0.6986013189222016,PPO
420,420.0,0.8093084048738126,0.6992533221752962,PPO
421,421.0,1.0044965636487773,0.7003538730022814,PPO
422,422.0,0.7931925027668738,0.7033952999087464,PPO
423,423.0,0.923383566105252,0.7042932719373276,PPO
424,424.0,0.857967989863144,0.7064841748790068,PPO
425,425.0,0.8166393514363312,0.7079990130288482,PPO
426,426.0,0.7922096389102984,0.709085416412923,PPO
427,427.0,0.8625185626662346,0.7099166586378968,PPO
428,428.0,0.9893284277135218,0.7114426776781801,PPO
429,429.0,0.845372167616574,0.7142215351785336,PPO
430,430.0,1.0218353426965807,0.715533041502914,PPO
431,431.0,0.9240139115257533,0.7185960645148506,PPO
432,432.0,0.8430378795683325,0.7206502429849596,PPO
433,433.0,0.9116047389211073,0.7218741193507934,PPO
434,434.0,0.9675621538499619,0.7237714255464965,PPO
435,435.0,0.7471300911034873,0.7262093328295313,PPO
436,436.0,0.9332836821404915,0.7264185404122708,PPO
437,437.0,0.841133016359324,0.728487191829553,PPO
438,438.0,0.89877262628253,0.7296136500748507,PPO
439,439.0,0.8383422553624037,0.7313052398369274,PPO
440,440.0,0.7956423194157458,0.7323756099921821,PPO
441,441.0,0.8456334761245843,0.7330082770864177,PPO
442,442.0,1.0074978932369367,0.7341345290767993,PPO
443,443.0,0.8268053400259262,0.7368681627184007,PPO
444,444.0,0.8379814061314071,0.737767534491476,PPO
445,445.0,0.8975919979796046,0.7387696732078753,PPO
446,446.0,0.8751733989609143,0.7403578964555927,PPO
447,447.0,0.915874503847352,0.741706051480646,PPO
448,448.0,0.8013426082215727,0.7434477360043129,PPO
449,449.0,0.8400188828261476,0.7440266847264856,PPO
450,450.0,0.8805692767087832,0.7449866067074822,PPO
451,451.0,0.9243654184199807,0.7463424334074952,PPO
452,452.0,0.9344814998641521,0.74812266325762,PPO
453,453.0,0.9165420244362036,0.7499862516236853,PPO
454,454.0,0.935101721782101,0.7516518093518104,PPO
455,455.0,0.74576346110243,0.7534863084761133,PPO
456,456.0,0.9201797295260602,0.7534090800023765,PPO
457,457.0,0.8691870024609175,0.7550767864976133,PPO
458,458.0,1.0145367611977463,0.7562178886572464,PPO
459,459.0,0.8225060399652778,0.7588010773826513,PPO
460,460.0,0.9267805911919226,0.7594381270084776,PPO
461,461.0,0.9787065149141007,0.761111551650312,PPO
462,462.0,0.8874442234948079,0.7632875012829498,PPO
463,463.0,0.9462583540100824,0.7645290685050683,PPO
464,464.0,0.7860012292531039,0.7663463613601185,PPO
465,465.0,0.90184873246536,0.7665429100390484,PPO
466,466.0,0.915971021230546,0.7678959682633115,PPO
467,467.0,0.9225458077826084,0.7693767187929839,PPO
468,468.0,0.9500664178910517,0.7709084096828801,PPO
469,469.0,0.8099792366724158,0.7726999897649618,PPO
470,470.0,0.8298560587762179,0.7730727822340364,PPO
471,471.0,0.8353881497137741,0.7736406149994581,PPO
472,472.0,0.8117988837738843,0.7742580903466013,PPO
473,473.0,1.0010740524799766,0.7746334982808741,PPO
474,474.0,0.9732385314973583,0.7768979038228652,PPO
475,475.0,1.0528158383062305,0.77886131009961,PPO
476,476.0,0.9325603847173853,0.7816008553816762,PPO
477,477.0,0.834126710237409,0.7831104506750333,PPO
478,478.0,1.0130755278144379,0.783620613270657,PPO
479,479.0,0.8686542219657526,0.7859151624160948,PPO
480,480.0,0.9281220240341183,0.7867425530115914,PPO
481,481.0,0.8742271356124363,0.7881563477218166,PPO
482,482.0,0.9264893559567524,0.7890170556007229,PPO
483,483.0,1.0230484106804545,0.7903917786042831,PPO
484,484.0,0.9539684812849695,0.7927183449250448,PPO
485,485.0,1.0217177533484865,0.794330846288644,PPO
486,486.0,0.9731228194343481,0.7966047153592424,PPO
487,487.0,0.9329120885167023,0.7983698963999935,PPO
488,488.0,1.026531135163399,0.7997153183211605,PPO
489,489.0,1.0013749074226088,0.8019834764895829,PPO
490,490.0,0.9348980200559607,0.8039773907989132,PPO
491,491.0,0.816091556081666,0.8052865970914836,PPO
492,492.0,0.9814365456303421,0.8053946466813855,PPO
493,493.0,0.9612416140138809,0.807155065670875,PPO
494,494.0,0.9336208219102669,0.8086959311543052,PPO
495,495.0,0.9283360277328365,0.8099451800618648,PPO
496,496.0,0.8312289179311868,0.8111290885385745,PPO
497,497.0,0.8250609197363502,0.8113300868325005,PPO
498,498.0,0.9051092130460454,0.8114673951615391,PPO
499,499.0,0.9771096052073186,0.8124038133403841,PPO
500,500.0,0.8848358961070342,0.8140508712590534,PPO
501,501.0,0.9191067384491156,0.8147587215075333,PPO
502,502.0,1.0005884624552694,0.8158022016769491,PPO
503,503.0,1.0020514378215732,0.8176500642847322,PPO
504,504.0,0.9939792624177567,0.8194940780201005,PPO
505,505.0,0.9103850693164487,0.8212389298640771,PPO
506,506.0,0.9687232120560444,0.8221303912586008,PPO
507,507.0,0.9199591430661131,0.8235963194665752,PPO
508,508.0,1.0056442572535933,0.8245599477025706,PPO
509,509.0,0.9151403538231503,0.8263707907980807,PPO
510,510.0,1.0433437015062055,0.8272584864283314,PPO
511,511.0,0.9800122098555147,0.8294193385791102,PPO
512,512.0,0.8944718314352331,0.8309252672918743,PPO
513,513.0,1.0306580667184149,0.8315607329333079,PPO
514,514.0,1.001782966992257,0.8335517062711589,PPO
515,515.0,0.9585574025643468,0.8352340188783699,PPO
516,516.0,0.9126698489945331,0.8364672527152296,PPO
517,517.0,0.8769331542966444,0.8372292786780225,PPO
518,518.0,0.8987026750066607,0.8376263174342088,PPO
519,519.0,0.8131791738471826,0.8382370810099332,PPO
520,520.0,1.0000156697539517,0.8379865019383057,PPO
521,521.0,0.9942848576984739,0.8396067936164622,PPO
522,522.0,0.9815758895549455,0.8411535742572822,PPO
523,523.0,0.9113435405871305,0.8425577974102588,PPO
524,524.0,0.8248803777262321,0.8432456548420275,PPO
525,525.0,0.9587978807736683,0.8430620020708696,PPO
526,526.0,1.0145653710184015,0.8442193608578975,PPO
527,527.0,0.8824359978327114,0.8459228209595026,PPO
528,528.0,0.9509948019327321,0.8462879527282346,PPO
529,529.0,0.9095506249253985,0.8473350212202797,PPO
530,530.0,0.8605570277121573,0.8479571772573309,PPO
531,531.0,0.9415899881327292,0.8480831757618792,PPO
532,532.0,0.8698530313367292,0.8490182438855877,PPO
533,533.0,0.9165405104583292,0.8492265917600991,PPO
534,534.0,1.0063972705882136,0.8498997309470814,PPO
535,535.0,0.9038358020969306,0.8514647063434927,PPO
536,536.0,0.7870272499358383,0.851988417301027,PPO
537,537.0,0.9220624351448709,0.8513388056273751,PPO
538,538.0,0.9426213904659281,0.85204604192255,PPO
539,539.0,0.9018793560150744,0.8529517954079837,PPO
540,540.0,1.0056871370339295,0.8534410710140546,PPO
541,541.0,0.8999755238153051,0.8549635316742533,PPO
542,542.0,0.9671219552539054,0.8554136515956638,PPO
543,543.0,0.8974472429585496,0.8565307346322463,PPO
544,544.0,0.9371119878556378,0.8569398997155093,PPO
545,545.0,0.9320682592651685,0.8577416205969106,PPO
546,546.0,0.8783088405227438,0.8584848869835933,PPO
547,547.0,1.0277223655446486,0.8586831265189848,PPO
548,548.0,0.9103898489075901,0.8603735189092414,PPO
549,549.0,0.815425012843019,0.8608736822092249,PPO
550,550.0,0.8306550640086027,0.8604191955155628,PPO
551,551.0,0.9857314455871476,0.8601215542004932,PPO
552,552.0,0.9278358402923609,0.8613776531143597,PPO
553,553.0,0.9410005538240002,0.8620422349861396,PPO
554,554.0,0.8330146992237516,0.8628318181745183,PPO
555,555.0,0.9593369577891844,0.8625336469850107,PPO
556,556.0,0.8402138911922868,0.8635016800930524,PPO
557,557.0,0.8384195297075392,0.8632688022040448,PPO
558,558.0,0.978410108850035,0.8630203094790797,PPO
559,559.0,0.9920772783289624,0.8641742074727893,PPO
560,560.0,0.997288937712229,0.865453238181351,PPO
561,561.0,0.8979515205953114,0.8667715951766598,PPO
562,562.0,0.9461081801910005,0.8670833944308463,PPO
563,563.0,0.8575105252468047,0.8678736422884478,PPO
564,564.0,0.9118046605000751,0.8677700111180313,PPO
565,565.0,0.9142530945302115,0.8682103576118517,PPO
566,566.0,0.8663485680203836,0.8686707849810353,PPO
567,567.0,0.9085986308928874,0.8686475628114287,PPO
568,568.0,0.8790628435718719,0.8690470734922433,PPO
569,569.0,0.9302214406242125,0.8691472311930396,PPO
570,570.0,0.9235481636741517,0.8697579732873514,PPO
571,571.0,0.9036654147936184,0.8702958751912193,PPO
572,572.0,0.8325563568514216,0.8706295705872433,PPO
573,573.0,0.9114968601343604,0.8702488384498851,PPO
574,574.0,1.0213301010235436,0.8706613186667299,PPO
575,575.0,0.8956869852327717,0.872168006490298,PPO
576,576.0,0.83079313110356,0.8724031962777227,PPO
577,577.0,0.8683862404173248,0.871987095625981,PPO
578,578.0,0.9556431123492073,0.8719510870738945,PPO
579,579.0,0.8871313703887593,0.8727880073266475,PPO
580,580.0,0.8721760236425482,0.8729314409572686,PPO
581,581.0,0.9358395425362217,0.8729238867841214,PPO
582,582.0,0.9273267470944175,0.8735530433416423,PPO
583,583.0,0.8616753806509041,0.87409078037917,PPO
584,584.0,0.9018519940993556,0.8739666263818874,PPO
585,585.0,0.921978491150806,0.8742454800590621,PPO
586,586.0,0.9119142681641373,0.8747228101699795,PPO
587,587.0,0.8834578968918511,0.8750947247499211,PPO
588,588.0,0.8827506442528995,0.8751783564713403,PPO
589,589.0,0.9375868391292331,0.8752540793491559,PPO
590,590.0,0.9244416905111468,0.8758774069469567,PPO
591,591.0,0.8840093607880455,0.8763630497825986,PPO
592,592.0,0.8471559511236676,0.876439512892653,PPO
593,593.0,0.8737238884049214,0.8761466772749631,PPO
594,594.0,0.83262514374671,0.8761224493862626,PPO
595,595.0,0.8852696293991026,0.8756874763298671,PPO
596,596.0,1.0061478813926232,0.8757832978605594,PPO
597,597.0,0.8614245767976816,0.8770869436958801,PPO
598,598.0,0.8257251634192411,0.8769303200268982,PPO
599,599.0,0.9293787839309947,0.8764182684608216,PPO
600,600.0,0.867674393907961,0.8769478736155233,PPO
601,601.0,0.9619960808042008,0.8768551388184477,PPO
602,602.0,0.8887522423515931,0.8777065482383053,PPO
603,603.0,1.0834785845104093,0.8778170051794382,PPO
604,604.0,0.8924461493645565,0.8798736209727479,PPO
605,605.0,0.9272424220158256,0.879999346256666,PPO
606,606.0,0.9590551380485177,0.8804717770142576,PPO
607,607.0,0.9680581154246479,0.8812576106246002,PPO
608,608.0,0.9024016480560315,0.8821256156726007,PPO
609,609.0,0.8388921902695476,0.882328375996435,PPO
610,610.0,0.8950528424527354,0.8818940141391661,PPO
611,611.0,0.8187456876558946,0.8820256024223019,PPO
612,612.0,0.9966560394426598,0.8813928032746379,PPO
613,613.0,0.9664405634940201,0.882545435636318,PPO
614,614.0,0.9514713017138362,0.8833843869148951,PPO
615,615.0,0.8843257735382535,0.8840652560628844,PPO
616,616.0,0.903809784924217,0.8840678612376381,PPO
617,617.0,0.8203187894319895,0.8842652804745039,PPO
618,618.0,0.9774938054150791,0.8836258155640787,PPO
619,619.0,0.9670535192539637,0.8845644954625886,PPO
620,620.0,0.8994885611033295,0.8853893857005024,PPO
621,621.0,0.9305542635570069,0.8855303774545307,PPO
622,622.0,0.9054793944632169,0.8859806163155554,PPO
623,623.0,0.7767347693126435,0.886175604097032,PPO
624,624.0,0.9431626656969994,0.8850811957491882,PPO
625,625.0,0.8800631362961674,0.8856620104486662,PPO
626,626.0,0.9813595382865786,0.8856060217071413,PPO
627,627.0,0.9518122272866811,0.8865635568729356,PPO
628,628.0,0.9625790233304491,0.8872160435770732,PPO
629,629.0,1.0174365725282504,0.8879696733746069,PPO
630,630.0,0.7914995440355195,0.8892643423661433,PPO
631,631.0,0.8086496269433295,0.888286694382837,PPO
632,632.0,0.8216442576978389,0.8874903237084419,PPO
633,633.0,0.8670633622181578,0.8868318630483359,PPO
634,634.0,0.8904151768358494,0.8866341780400342,PPO
635,635.0,0.8899435797891845,0.8866719880279923,PPO
636,636.0,0.8930586254612407,0.8867047039456042,PPO
637,637.0,0.8147058159110476,0.8867682431607605,PPO
638,638.0,0.8701399243815982,0.8860476188882633,PPO
639,639.0,0.8503733744872594,0.8858885419431967,PPO
640,640.0,0.9567930514208052,0.8855333902686372,PPO
641,641.0,0.8667983759114622,0.8862459868801589,PPO
642,642.0,0.964044383483725,0.8860515107704718,PPO
643,643.0,0.9473606773642774,0.8868314394976043,PPO
644,644.0,1.0233594064791658,0.887436731876271,PPO
645,645.0,0.9931383715177194,0.8887959586223,PPO
646,646.0,0.9570809106909464,0.8898393827512542,PPO
647,647.0,0.9666081198015364,0.8905117980306511,PPO
648,648.0,0.9789565927871189,0.89127276124836,PPO
649,649.0,0.8972346228447898,0.8921495995637475,PPO
650,650.0,0.9660557204207577,0.8922004497965579,PPO
651,651.0,0.8997497955559483,0.8929390025027999,PPO
652,652.0,0.9749269434955029,0.8930071104333314,PPO
653,653.0,0.9959633012495519,0.8938263087639531,PPO
654,654.0,0.8248991482965341,0.894847678688809,PPO
655,655.0,0.8858614651615585,0.8941481933848862,PPO
656,656.0,0.9257156212917762,0.8940653261026529,PPO
657,657.0,0.9350431692773087,0.8943818290545441,PPO
658,658.0,0.8781230806610923,0.8947884424567717,PPO
659,659.0,0.8831551948426112,0.8946217888388149,PPO
660,660.0,0.8632028707753426,0.8945071228988529,PPO
661,661.0,0.962675420323562,0.8941940803776178,PPO
662,662.0,0.9129918495950933,0.8948788937770773,PPO
663,663.0,0.9391222353768218,0.8950600233352575,PPO
664,664.0,0.8055066963412842,0.8955006454556731,PPO
665,665.0,0.9579992241527069,0.8946007059645292,PPO
666,666.0,0.8772486965092178,0.895234691146411,PPO
667,667.0,1.0055677458809753,0.895054831200039,PPO
668,668.0,0.8141993056838196,0.8961599603468484,PPO
669,669.0,0.8872696782272907,0.895340353800218,PPO
670,670.0,0.8123882626162416,0.8952596470444887,PPO
671,671.0,0.8854747534702012,0.8944309332002062,PPO
672,672.0,0.818006668563006,0.8943413714029061,PPO
673,673.0,0.8402955080116324,0.8935780243745072,PPO
674,674.0,0.9133329870719842,0.8930451992108784,PPO
675,675.0,0.8039491755223915,0.8932480770894894,PPO
676,676.0,0.8322272848180416,0.8923550880738184,PPO
677,677.0,0.8795170689196211,0.8917538100412606,PPO
678,678.0,0.8159347745749619,0.8916314426300442,PPO
679,679.0,0.8933336434188051,0.8908744759494934,PPO
680,680.0,0.8676722098404233,0.8908990676241865,PPO
681,681.0,0.834851786817996,0.8906667990463488,PPO
682,682.0,0.9320824305908447,0.8901086489240653,PPO
683,683.0,0.879336283223337,0.890528386740733,PPO
684,684.0,0.8460216652163297,0.8904164657055591,PPO
685,685.0,0.812921723007857,0.8899725177006669,PPO
686,686.0,0.8280936326077388,0.8892020097537388,PPO
687,687.0,0.8764239085256749,0.8885909259822787,PPO
688,688.0,0.8306522503177779,0.8884692558077126,PPO
689,689.0,0.9118686394873479,0.8878910857528133,PPO
690,690.0,0.8667932032350464,0.8881308612901586,PPO
691,691.0,0.9241110267208,0.8879174847096075,PPO
692,692.0,0.8417574919501493,0.8882794201297194,PPO
693,693.0,0.8278827869805072,0.8878142008479236,PPO
694,694.0,0.8730965960298624,0.8872148867092494,PPO
695,695.0,0.8150458816164536,0.8870737038024555,PPO
696,696.0,0.857499501992269,0.8863534255805955,PPO
697,697.0,0.8718301124289793,0.8860648863447121,PPO
698,698.0,0.9007444246747695,0.8859225386055548,PPO
699,699.0,0.9168215080727056,0.886070757466247,PPO
700,700.0,0.9337180035128438,0.8863782649723115,PPO
701,701.0,0.8777099055310507,0.8868516623577168,PPO
702,702.0,0.883042695164693,0.8867602447894503,PPO
703,703.0,0.8001325951330834,0.8867230692932027,PPO
704,704.0,0.7903884676269968,0.8858571645516015,PPO
705,705.0,0.8386358049319638,0.8849024775823554,PPO
706,706.0,0.8201513216112578,0.8844398108558514,PPO
707,707.0,0.8794457207765126,0.8837969259634055,PPO
708,708.0,0.8321718489484901,0.8837534139115366,PPO
709,709.0,0.8900030150701362,0.8832375982619062,PPO
710,710.0,0.8402329831352732,0.8833052524299885,PPO
711,711.0,0.9445392429873258,0.8828745297370413,PPO
712,712.0,0.8745989095269713,0.8834911768695441,PPO
713,713.0,0.8881828200222446,0.8834022541961184,PPO
714,714.0,0.9125980914359133,0.8834500598543796,PPO
715,715.0,0.872401087227717,0.8837415401701949,PPO
716,716.0,0.8156587741355563,0.8836281356407701,PPO
717,717.0,0.875389659193503,0.882948442025718,PPO
718,718.0,0.765463856002504,0.8828728541973958,PPO
719,719.0,0.9454803025209575,0.8816987642154469,PPO
720,720.0,0.7645358791023804,0.8823365795985021,PPO
721,721.0,0.9997371022648737,0.8811585725935408,PPO
722,722.0,0.8276489450984498,0.8823443578902541,PPO
723,723.0,0.8878063113243,0.8817974037623361,PPO
724,724.0,0.8707475912300924,0.8818574928379557,PPO
725,725.0,0.9465986048896843,0.881746393821877,PPO
726,726.0,0.8710772981284175,0.882394915932555,PPO
727,727.0,0.9073331102256725,0.8822817397545136,PPO
728,728.0,0.8620372330106785,0.8825322534592253,PPO
729,729.0,0.8120413517046294,0.8823273032547398,PPO
730,730.0,0.9655229065361244,0.8816244437392388,PPO
731,731.0,0.925113978092563,0.8824634283672076,PPO
732,732.0,0.8859998313369857,0.8828899338644611,PPO
733,733.0,0.9537419510769728,0.8829210328391863,PPO
734,734.0,1.0101333413927274,0.8836292420215641,PPO
735,735.0,0.849707434131176,0.8848942830152757,PPO
736,736.0,0.9443704599691427,0.8845424145264347,PPO
737,737.0,0.878723715384413,0.8851406949808618,PPO
738,738.0,0.8854558751211309,0.8850765251848973,PPO
739,739.0,0.8501742721340352,0.8850803186842596,PPO
740,740.0,0.9673983499244208,0.8847312582187573,PPO
741,741.0,0.9120521611842373,0.8855579291358139,PPO
742,742.0,0.8120457288675466,0.8858228714562981,PPO
743,743.0,0.8343068729532933,0.8850851000304106,PPO
744,744.0,0.8671564497650238,0.8845773177596394,PPO
745,745.0,0.8750370448177837,0.8844031090796933,PPO
746,746.0,0.870893682288915,0.8843094484370743,PPO
747,747.0,1.0441956631001554,0.8841752907755928,PPO
748,748.0,0.9174121654440385,0.8857754944988384,PPO
749,749.0,0.8994680662226661,0.8860918612082904,PPO
750,750.0,0.9228921553404933,0.8862256232584341,PPO
751,751.0,0.9724804981065949,0.8865922885792548,PPO
752,752.0,0.9419504945673508,0.8874511706745282,PPO
753,753.0,0.8730278611223272,0.8879961639134565,PPO
754,754.0,0.9065904103767826,0.8878464808855451,PPO
755,755.0,0.826030479376592,0.8880339201804575,PPO
756,756.0,0.8020665057709028,0.8874138857724189,PPO
757,757.0,0.9000504986716386,0.8865604119724038,PPO
758,758.0,0.8787570962152292,0.8866953128393961,PPO
759,759.0,0.9086862047689034,0.8866159306731545,PPO
760,760.0,0.9799193954535951,0.886836633414112,PPO
761,761.0,0.9380456890324639,0.8877674610345069,PPO
762,762.0,0.9035573503996892,0.8882702433144865,PPO
763,763.0,0.977361076359096,0.8884231143853385,PPO
764,764.0,0.9313053616420772,0.8893124940050761,PPO
765,765.0,0.8868771288071465,0.889732422681446,PPO
766,766.0,0.8643972753451216,0.8897038697427031,PPO
767,767.0,0.850261343610574,0.8894508037987272,PPO
768,768.0,0.9509798281708185,0.8890589091968456,PPO
769,769.0,0.9668042504865709,0.8896781183865853,PPO
770,770.0,1.0122480148961466,0.8904493797075852,PPO
771,771.0,0.8450257943184362,0.8916673660594708,PPO
772,772.0,0.830367909007712,0.8912009503420605,PPO
773,773.0,0.8181478906367549,0.890592619928717,PPO
774,774.0,0.9040321601763546,0.8898681726357973,PPO
775,775.0,0.8643610153187937,0.8900098125112028,PPO
776,776.0,0.9183542670803521,0.8897533245392787,PPO
777,777.0,0.8353444189407232,0.8900393339646895,PPO
778,778.0,0.8393737317733863,0.8894923848144498,PPO
779,779.0,0.8227408925247358,0.8889911982840392,PPO
780,780.0,0.9110594030849751,0.8883286952264461,PPO
781,781.0,0.8415715040481901,0.8885560023050314,PPO
782,782.0,0.9117557586899558,0.888086157322463,PPO
783,783.0,0.8227911607296692,0.8883228533361379,PPO
784,784.0,0.8665055350457297,0.8876675364100732,PPO
785,785.0,0.9866837998283757,0.8874559163964297,PPO
786,786.0,0.850958927238743,0.8884481952307492,PPO
787,787.0,0.8189332566988251,0.8880733025508292,PPO
788,788.0,0.8386330512628667,0.8873819020923092,PPO
789,789.0,0.884945703562588,0.8868944135840148,PPO
790,790.0,0.9354966945578286,0.8868749264838005,PPO
791,791.0,0.8683700265811788,0.8873611441645407,PPO
792,792.0,0.8730708458520449,0.887171232988707,PPO
793,793.0,1.038688453200583,0.8870302291173404,PPO
794,794.0,0.8081050606655332,0.8885468113581729,PPO
795,795.0,0.9802597595852045,0.8877423938512465,PPO
796,796.0,0.9266210791457236,0.8886675675085861,PPO
797,797.0,0.8341215755145004,0.8890471026249576,PPO
798,798.0,0.9465308520274891,0.888497847353853,PPO
799,799.0,0.8264853996003374,0.8890781774005894,PPO
800,800.0,0.9083685147832311,0.8884522496225868,PPO
801,801.0,0.9927232798915151,0.8886514122741933,PPO
802,802.0,0.8808197316202481,0.8896921309503665,PPO
803,803.0,0.8545902572712882,0.8896034069570653,PPO
804,804.0,0.8823046335140722,0.8892532754602076,PPO
805,805.0,0.8775692631779178,0.8891837890407462,PPO
806,806.0,0.8774753256723395,0.8890676437821179,PPO
807,807.0,1.0063221216622888,0.8889517206010201,PPO
808,808.0,0.8360262227260161,0.8901254246116328,PPO
809,809.0,0.8190131806779303,0.8895844325927766,PPO
810,810.0,0.854891917456913,0.8888787200736281,PPO
811,811.0,0.8882861247603342,0.888538852047461,PPO
812,812.0,0.8504297915902254,0.8885363247745897,PPO
813,813.0,1.020931582143363,0.888155259442746,PPO
814,814.0,0.9430871389453311,0.8894830226697521,PPO
815,815.0,0.8970043619069213,0.8900190638325078,PPO
816,816.0,0.9937020501111107,0.890088916813252,PPO
817,817.0,0.8141067458119522,0.8911250481462306,PPO
818,818.0,0.9548057883011775,0.8903548651228878,PPO
819,819.0,0.8956880123996935,0.8909993743546707,PPO
820,820.0,0.8272356713780532,0.8910462607351209,PPO
821,821.0,0.8896227144235358,0.8904081548415503,PPO
822,822.0,1.0170004615494324,0.8904003004373702,PPO
823,823.0,0.8841532233932557,0.8916663020484908,PPO
824,824.0,0.9125138645350139,0.8915911712619385,PPO
825,825.0,0.8992893702245273,0.8918003981946693,PPO
826,826.0,0.9491133459477458,0.8918752879149678,PPO
827,827.0,0.8577601789436833,0.8924476684952957,PPO
828,828.0,0.9075886785950746,0.8921007935997795,PPO
829,829.0,1.037819337377603,0.8922556724497324,PPO
830,830.0,0.8596059927858678,0.893711309099011,PPO
831,831.0,0.869956284146928,0.8933702559358796,PPO
832,832.0,0.8981404110454666,0.8931361162179902,PPO
833,833.0,0.8623760267409065,0.8931861591662649,PPO
834,834.0,0.8413999390141802,0.8928780578420112,PPO
835,835.0,0.8652205483799451,0.8923632766537328,PPO
836,836.0,0.9766751953908733,0.892091849370995,PPO
837,837.0,0.9237281735322818,0.8929376828311938,PPO
838,838.0,0.8975362617418485,0.8932455877382046,PPO
839,839.0,0.914229699351915,0.8932884944782411,PPO
840,840.0,0.9371685700708907,0.8934979065269779,PPO
841,841.0,0.8121466243521329,0.8939346131624171,PPO
842,842.0,1.0110672815688586,0.8931167332743142,PPO
843,843.0,0.8395666084820774,0.8942962387572596,PPO
844,844.0,0.8684107614060764,0.8937489424545078,PPO
845,845.0,0.8649431612097402,0.8934955606440235,PPO
846,846.0,0.8735715262030295,0.8932100366496807,PPO
847,847.0,0.9077701314522464,0.8930136515452142,PPO
848,848.0,0.9476288107728762,0.8931612163442845,PPO
849,849.0,0.8775032470223783,0.8937058922885703,PPO
850,850.0,0.9663688244759363,0.8935438658359084,PPO
851,851.0,1.0432439434509457,0.8942721154223087,PPO
852,852.0,0.9082825405910836,0.895761833702595,PPO
853,853.0,0.8143195382696502,0.89588704077148,PPO
